file,line,type,commit,author,date,time,timezone,datetime,depth,length
style.css,1,css,a2f521d5,Wanhan Sun,2026-04-18,19:04:25,-07:00,2026-04-18T19:04:25-07:00,0,16
style.css,2,css,a2f521d5,Wanhan Sun,2026-04-18,19:04:25,-07:00,2026-04-18T19:04:25-07:00,0,5
style.css,3,css,a2f521d5,Wanhan Sun,2026-04-18,19:04:25,-07:00,2026-04-18T19:04:25-07:00,1,31
style.css,4,css,a2f521d5,Wanhan Sun,2026-04-18,19:04:25,-07:00,2026-04-18T19:04:25-07:00,0,0
style.css,5,css,a2f521d5,Wanhan Sun,2026-04-18,19:04:25,-07:00,2026-04-18T19:04:25-07:00,0,0
style.css,6,css,a2f521d5,Wanhan Sun,2026-04-18,19:04:25,-07:00,2026-04-18T19:04:25-07:00,0,4
style.css,7,css,a2f521d5,Wanhan Sun,2026-04-18,19:04:25,-07:00,2026-04-18T19:04:25-07:00,1,23
style.css,8,css,a2f521d5,Wanhan Sun,2026-04-18,19:04:25,-07:00,2026-04-18T19:04:25-07:00,1,15
style.css,9,css,a2f521d5,Wanhan Sun,2026-04-18,19:04:25,-07:00,2026-04-18T19:04:25-07:00,1,42
style.css,10,css,a2f521d5,Wanhan Sun,2026-04-18,19:04:25,-07:00,2026-04-18T19:04:25-07:00,1,32
style.css,11,css,a2f521d5,Wanhan Sun,2026-04-18,19:04:25,-07:00,2026-04-18T19:04:25-07:00,0,0
style.css,12,css,a2f521d5,Wanhan Sun,2026-04-18,19:04:25,-07:00,2026-04-18T19:04:25-07:00,0,0
style.css,13,css,b543c091,Wanhan Sun,2026-04-18,19:07:26,-07:00,2026-04-18T19:07:26-07:00,0,7
style.css,14,css,a2f521d5,Wanhan Sun,2026-04-18,19:04:25,-07:00,2026-04-18T19:04:25-07:00,0,3
style.css,15,css,b543c091,Wanhan Sun,2026-04-18,19:07:26,-07:00,2026-04-18T19:07:26-07:00,1,39
style.css,16,css,a2f521d5,Wanhan Sun,2026-04-18,19:04:25,-07:00,2026-04-18T19:04:25-07:00,1,12
style.css,17,css,a2f521d5,Wanhan Sun,2026-04-18,19:04:25,-07:00,2026-04-18T19:04:25-07:00,1,17
style.css,18,css,b543c091,Wanhan Sun,2026-04-18,19:07:26,-07:00,2026-04-18T19:07:26-07:00,1,43
style.css,19,css,486c5c7b,Wanhan Sun,2026-04-18,19:09:32,-07:00,2026-04-18T19:09:32-07:00,1,5
style.css,20,css,a2f521d5,Wanhan Sun,2026-04-18,19:04:25,-07:00,2026-04-18T19:04:25-07:00,0,0
style.css,21,css,a2f521d5,Wanhan Sun,2026-04-18,19:04:25,-07:00,2026-04-18T19:04:25-07:00,0,0
style.css,22,css,a2f521d5,Wanhan Sun,2026-04-18,19:04:25,-07:00,2026-04-18T19:04:25-07:00,0,5
style.css,23,css,a2f521d5,Wanhan Sun,2026-04-18,19:04:25,-07:00,2026-04-18T19:04:25-07:00,1,6
style.css,24,css,a2f521d5,Wanhan Sun,2026-04-18,19:04:25,-07:00,2026-04-18T19:04:25-07:00,1,20
style.css,25,css,a2f521d5,Wanhan Sun,2026-04-18,19:04:25,-07:00,2026-04-18T19:04:25-07:00,1,13
style.css,26,css,a2f521d5,Wanhan Sun,2026-04-18,19:04:25,-07:00,2026-04-18T19:04:25-07:00,1,17
style.css,27,css,b543c091,Wanhan Sun,2026-04-18,19:07:26,-07:00,2026-04-18T19:07:26-07:00,1,17
style.css,28,css,486c5c7b,Wanhan Sun,2026-04-18,19:09:32,-07:00,2026-04-18T19:09:32-07:00,1,15
style.css,29,css,486c5c7b,Wanhan Sun,2026-04-18,19:09:32,-07:00,2026-04-18T19:09:32-07:00,1,14
style.css,30,css,486c5c7b,Wanhan Sun,2026-04-18,19:09:32,-07:00,2026-04-18T19:09:32-07:00,1,21
style.css,31,css,a2f521d5,Wanhan Sun,2026-04-18,19:04:25,-07:00,2026-04-18T19:04:25-07:00,0,0
style.css,32,css,a2f521d5,Wanhan Sun,2026-04-18,19:04:25,-07:00,2026-04-18T19:04:25-07:00,0,0
style.css,33,css,b543c091,Wanhan Sun,2026-04-18,19:07:26,-07:00,2026-04-18T19:07:26-07:00,0,13
style.css,34,css,b543c091,Wanhan Sun,2026-04-18,19:07:26,-07:00,2026-04-18T19:07:26-07:00,1,15
style.css,35,css,b543c091,Wanhan Sun,2026-04-18,19:07:26,-07:00,2026-04-18T19:07:26-07:00,1,43
style.css,36,css,b543c091,Wanhan Sun,2026-04-18,19:07:26,-07:00,2026-04-18T19:07:26-07:00,1,32
style.css,37,css,a2f521d5,Wanhan Sun,2026-04-18,19:04:25,-07:00,2026-04-18T19:04:25-07:00,0,0
style.css,38,css,a2f521d5,Wanhan Sun,2026-04-18,19:04:25,-07:00,2026-04-18T19:04:25-07:00,0,0
style.css,39,css,b543c091,Wanhan Sun,2026-04-18,19:07:26,-07:00,2026-04-18T19:07:26-07:00,0,11
style.css,40,css,b543c091,Wanhan Sun,2026-04-18,19:07:26,-07:00,2026-04-18T19:07:26-07:00,1,43
style.css,41,css,b543c091,Wanhan Sun,2026-04-18,19:07:26,-07:00,2026-04-18T19:07:26-07:00,1,32
style.css,42,css,b543c091,Wanhan Sun,2026-04-18,19:07:26,-07:00,2026-04-18T19:07:26-07:00,1,69
style.css,43,css,a2f521d5,Wanhan Sun,2026-04-18,19:04:25,-07:00,2026-04-18T19:04:25-07:00,0,0
style.css,44,css,a2f521d5,Wanhan Sun,2026-04-18,19:04:25,-07:00,2026-04-18T19:04:25-07:00,0,0
style.css,45,css,b543c091,Wanhan Sun,2026-04-18,19:07:26,-07:00,2026-04-18T19:07:26-07:00,0,12
style.css,46,css,a2f521d5,Wanhan Sun,2026-04-18,19:04:25,-07:00,2026-04-18T19:04:25-07:00,0,22
style.css,47,css,a2f521d5,Wanhan Sun,2026-04-18,19:04:25,-07:00,2026-04-18T19:04:25-07:00,1,15
style.css,48,css,a2f521d5,Wanhan Sun,2026-04-18,19:04:25,-07:00,2026-04-18T19:04:25-07:00,1,17
style.css,49,css,a2f521d5,Wanhan Sun,2026-04-18,19:04:25,-07:00,2026-04-18T19:04:25-07:00,0,0
style.css,50,css,a2f521d5,Wanhan Sun,2026-04-18,19:04:25,-07:00,2026-04-18T19:04:25-07:00,0,0
style.css,51,css,a2f521d5,Wanhan Sun,2026-04-18,19:04:25,-07:00,2026-04-18T19:04:25-07:00,0,2
style.css,52,css,a2f521d5,Wanhan Sun,2026-04-18,19:04:25,-07:00,2026-04-18T19:04:25-07:00,1,12
style.css,53,css,b543c091,Wanhan Sun,2026-04-18,19:07:26,-07:00,2026-04-18T19:07:26-07:00,1,14
style.css,54,css,a2f521d5,Wanhan Sun,2026-04-18,19:04:25,-07:00,2026-04-18T19:04:25-07:00,0,0
style.css,55,css,a2f521d5,Wanhan Sun,2026-04-18,19:04:25,-07:00,2026-04-18T19:04:25-07:00,0,0
style.css,56,css,b543c091,Wanhan Sun,2026-04-18,19:07:26,-07:00,2026-04-18T19:07:26-07:00,0,16
style.css,57,css,a2f521d5,Wanhan Sun,2026-04-18,19:04:25,-07:00,2026-04-18T19:04:25-07:00,0,4
style.css,58,css,a2f521d5,Wanhan Sun,2026-04-18,19:04:25,-07:00,2026-04-18T19:04:25-07:00,1,12
style.css,59,css,a2f521d5,Wanhan Sun,2026-04-18,19:04:25,-07:00,2026-04-18T19:04:25-07:00,1,30
style.css,60,css,a2f521d5,Wanhan Sun,2026-04-18,19:04:25,-07:00,2026-04-18T19:04:25-07:00,1,7
style.css,61,css,a2f521d5,Wanhan Sun,2026-04-18,19:04:25,-07:00,2026-04-18T19:04:25-07:00,0,0
style.css,62,css,a2f521d5,Wanhan Sun,2026-04-18,19:04:25,-07:00,2026-04-18T19:04:25-07:00,0,0
style.css,63,css,a2f521d5,Wanhan Sun,2026-04-18,19:04:25,-07:00,2026-04-18T19:04:25-07:00,0,10
style.css,64,css,a2f521d5,Wanhan Sun,2026-04-18,19:04:25,-07:00,2026-04-18T19:04:25-07:00,1,12
style.css,65,css,a2f521d5,Wanhan Sun,2026-04-18,19:04:25,-07:00,2026-04-18T19:04:25-07:00,1,29
style.css,66,css,a2f521d5,Wanhan Sun,2026-04-18,19:04:25,-07:00,2026-04-18T19:04:25-07:00,1,18
style.css,67,css,a2f521d5,Wanhan Sun,2026-04-18,19:04:25,-07:00,2026-04-18T19:04:25-07:00,0,0
style.css,68,css,a2f521d5,Wanhan Sun,2026-04-18,19:04:25,-07:00,2026-04-18T19:04:25-07:00,0,0
style.css,69,css,a2f521d5,Wanhan Sun,2026-04-18,19:04:25,-07:00,2026-04-18T19:04:25-07:00,0,9
style.css,70,css,a2f521d5,Wanhan Sun,2026-04-18,19:04:25,-07:00,2026-04-18T19:04:25-07:00,0,12
style.css,71,css,a2f521d5,Wanhan Sun,2026-04-18,19:04:25,-07:00,2026-04-18T19:04:25-07:00,0,11
style.css,72,css,a2f521d5,Wanhan Sun,2026-04-18,19:04:25,-07:00,2026-04-18T19:04:25-07:00,1,12
style.css,73,css,a2f521d5,Wanhan Sun,2026-04-18,19:04:25,-07:00,2026-04-18T19:04:25-07:00,1,10
style.css,74,css,a2f521d5,Wanhan Sun,2026-04-18,19:04:25,-07:00,2026-04-18T19:04:25-07:00,1,21
style.css,75,css,a2f521d5,Wanhan Sun,2026-04-18,19:04:25,-07:00,2026-04-18T19:04:25-07:00,0,0
style.css,76,css,a2f521d5,Wanhan Sun,2026-04-18,19:04:25,-07:00,2026-04-18T19:04:25-07:00,0,0
style.css,77,css,a2f521d5,Wanhan Sun,2026-04-18,19:04:25,-07:00,2026-04-18T19:04:25-07:00,0,11
style.css,78,css,a2f521d5,Wanhan Sun,2026-04-18,19:04:25,-07:00,2026-04-18T19:04:25-07:00,1,18
style.css,79,css,a2f521d5,Wanhan Sun,2026-04-18,19:04:25,-07:00,2026-04-18T19:04:25-07:00,0,0
style.css,80,css,a2f521d5,Wanhan Sun,2026-04-18,19:04:25,-07:00,2026-04-18T19:04:25-07:00,0,0
style.css,81,css,b543c091,Wanhan Sun,2026-04-18,19:07:26,-07:00,2026-04-18T19:07:26-07:00,0,17
style.css,82,css,a2f521d5,Wanhan Sun,2026-04-18,19:04:25,-07:00,2026-04-18T19:04:25-07:00,0,9
style.css,83,css,a2f521d5,Wanhan Sun,2026-04-18,19:04:25,-07:00,2026-04-18T19:04:25-07:00,1,12
style.css,84,css,a2f521d5,Wanhan Sun,2026-04-18,19:04:25,-07:00,2026-04-18T19:04:25-07:00,1,58
style.css,85,css,a2f521d5,Wanhan Sun,2026-04-18,19:04:25,-07:00,2026-04-18T19:04:25-07:00,1,7
style.css,86,css,a2f521d5,Wanhan Sun,2026-04-18,19:04:25,-07:00,2026-04-18T19:04:25-07:00,1,8
style.css,87,css,a2f521d5,Wanhan Sun,2026-04-18,19:04:25,-07:00,2026-04-18T19:04:25-07:00,1,9
style.css,88,css,a2f521d5,Wanhan Sun,2026-04-18,19:04:25,-07:00,2026-04-18T19:04:25-07:00,0,0
style.css,89,css,a2f521d5,Wanhan Sun,2026-04-18,19:04:25,-07:00,2026-04-18T19:04:25-07:00,0,0
style.css,90,css,a2f521d5,Wanhan Sun,2026-04-18,19:04:25,-07:00,2026-04-18T19:04:25-07:00,0,17
style.css,91,css,a2f521d5,Wanhan Sun,2026-04-18,19:04:25,-07:00,2026-04-18T19:04:25-07:00,1,12
style.css,92,css,a2f521d5,Wanhan Sun,2026-04-18,19:04:25,-07:00,2026-04-18T19:04:25-07:00,1,26
style.css,93,css,a2f521d5,Wanhan Sun,2026-04-18,19:04:25,-07:00,2026-04-18T19:04:25-07:00,1,15
style.css,94,css,a2f521d5,Wanhan Sun,2026-04-18,19:04:25,-07:00,2026-04-18T19:04:25-07:00,0,0
style.css,95,css,a2f521d5,Wanhan Sun,2026-04-18,19:04:25,-07:00,2026-04-18T19:04:25-07:00,0,0
style.css,96,css,a2f521d5,Wanhan Sun,2026-04-18,19:04:25,-07:00,2026-04-18T19:04:25-07:00,0,20
style.css,97,css,a2f521d5,Wanhan Sun,2026-04-18,19:04:25,-07:00,2026-04-18T19:04:25-07:00,1,8
style.css,98,css,a2f521d5,Wanhan Sun,2026-04-18,19:04:25,-07:00,2026-04-18T19:04:25-07:00,0,0
style.css,99,css,b543c091,Wanhan Sun,2026-04-18,19:07:26,-07:00,2026-04-18T19:07:26-07:00,0,0
style.css,100,css,b543c091,Wanhan Sun,2026-04-18,19:07:26,-07:00,2026-04-18T19:07:26-07:00,0,16
style.css,101,css,0c22cfa5,Wanhan Sun,2026-04-18,18:58:27,-07:00,2026-04-18T18:58:27-07:00,0,4
style.css,102,css,0c22cfa5,Wanhan Sun,2026-04-18,18:58:27,-07:00,2026-04-18T18:58:27-07:00,1,23
style.css,103,css,0d9f80cf,Wanhan Sun,2026-04-10,15:51:00,-07:00,2026-04-10T15:51:00-07:00,0,0
style.css,104,css,0d9f80cf,Wanhan Sun,2026-04-10,15:51:00,-07:00,2026-04-10T15:51:00-07:00,0,0
style.css,105,css,b543c091,Wanhan Sun,2026-04-18,19:07:26,-07:00,2026-04-18T19:07:26-07:00,0,25
style.css,106,css,0c22cfa5,Wanhan Sun,2026-04-18,18:58:27,-07:00,2026-04-18T18:58:27-07:00,0,13
style.css,107,css,0c22cfa5,Wanhan Sun,2026-04-18,18:58:27,-07:00,2026-04-18T18:58:27-07:00,1,17
style.css,108,css,0c22cfa5,Wanhan Sun,2026-04-18,18:58:27,-07:00,2026-04-18T18:58:27-07:00,1,8
style.css,109,css,0c22cfa5,Wanhan Sun,2026-04-18,18:58:27,-07:00,2026-04-18T18:58:27-07:00,1,10
style.css,110,css,0c22cfa5,Wanhan Sun,2026-04-18,18:58:27,-07:00,2026-04-18T18:58:27-07:00,1,13
style.css,111,css,0c22cfa5,Wanhan Sun,2026-04-18,18:58:27,-07:00,2026-04-18T18:58:27-07:00,1,19
style.css,112,css,0d9f80cf,Wanhan Sun,2026-04-10,15:51:00,-07:00,2026-04-10T15:51:00-07:00,0,0
style.css,113,css,0d9f80cf,Wanhan Sun,2026-04-10,15:51:00,-07:00,2026-04-10T15:51:00-07:00,0,0
style.css,114,css,0c22cfa5,Wanhan Sun,2026-04-18,18:58:27,-07:00,2026-04-18T18:58:27-07:00,0,20
style.css,115,css,0d9f80cf,Wanhan Sun,2026-04-10,15:51:00,-07:00,2026-04-10T15:51:00-07:00,1,12
style.css,116,css,e16d5b47,Wanhan Sun,2026-04-30,15:15:13,-07:00,2026-04-30T15:15:13-07:00,0,0
style.css,117,css,e16d5b47,Wanhan Sun,2026-04-30,15:15:13,-07:00,2026-04-30T15:15:13-07:00,0,20
style.css,118,css,e16d5b47,Wanhan Sun,2026-04-30,15:15:13,-07:00,2026-04-30T15:15:13-07:00,0,18
style.css,119,css,e16d5b47,Wanhan Sun,2026-04-30,15:15:13,-07:00,2026-04-30T15:15:13-07:00,1,14
style.css,120,css,e16d5b47,Wanhan Sun,2026-04-30,15:15:13,-07:00,2026-04-30T15:15:13-07:00,1,16
style.css,121,css,e16d5b47,Wanhan Sun,2026-04-30,15:15:13,-07:00,2026-04-30T15:15:13-07:00,1,16
style.css,122,css,e16d5b47,Wanhan Sun,2026-04-30,15:15:13,-07:00,2026-04-30T15:15:13-07:00,0,0
style.css,123,css,e16d5b47,Wanhan Sun,2026-04-30,15:15:13,-07:00,2026-04-30T15:15:13-07:00,0,0
style.css,124,css,e16d5b47,Wanhan Sun,2026-04-30,15:15:13,-07:00,2026-04-30T15:15:13-07:00,0,23
style.css,125,css,e16d5b47,Wanhan Sun,2026-04-30,15:15:13,-07:00,2026-04-30T15:15:13-07:00,1,14
style.css,126,css,e16d5b47,Wanhan Sun,2026-04-30,15:15:13,-07:00,2026-04-30T15:15:13-07:00,1,16
style.css,127,css,e16d5b47,Wanhan Sun,2026-04-30,15:15:13,-07:00,2026-04-30T15:15:13-07:00,0,0
style.css,128,css,e16d5b47,Wanhan Sun,2026-04-30,15:15:13,-07:00,2026-04-30T15:15:13-07:00,0,0
style.css,129,css,e16d5b47,Wanhan Sun,2026-04-30,15:15:13,-07:00,2026-04-30T15:15:13-07:00,0,51
style.css,130,css,e16d5b47,Wanhan Sun,2026-04-30,15:15:13,-07:00,2026-04-30T15:15:13-07:00,1,11
style.css,131,css,e16d5b47,Wanhan Sun,2026-04-30,15:15:13,-07:00,2026-04-30T15:15:13-07:00,0,0
style.css,132,css,e16d5b47,Wanhan Sun,2026-04-30,15:15:13,-07:00,2026-04-30T15:15:13-07:00,0,0
style.css,133,css,e16d5b47,Wanhan Sun,2026-04-30,15:15:13,-07:00,2026-04-30T15:15:13-07:00,0,9
style.css,134,css,e16d5b47,Wanhan Sun,2026-04-30,15:15:13,-07:00,2026-04-30T15:15:13-07:00,1,35
style.css,135,css,e16d5b47,Wanhan Sun,2026-04-30,15:15:13,-07:00,2026-04-30T15:15:13-07:00,0,0
style.css,136,css,e16d5b47,Wanhan Sun,2026-04-30,15:15:13,-07:00,2026-04-30T15:15:13-07:00,0,0
style.css,137,css,e16d5b47,Wanhan Sun,2026-04-30,15:15:13,-07:00,2026-04-30T15:15:13-07:00,0,18
style.css,138,css,e16d5b47,Wanhan Sun,2026-04-30,15:15:13,-07:00,2026-04-30T15:15:13-07:00,1,17
style.css,139,css,e16d5b47,Wanhan Sun,2026-04-30,15:15:13,-07:00,2026-04-30T15:15:13-07:00,0,0
style.css,140,css,e16d5b47,Wanhan Sun,2026-04-30,15:15:13,-07:00,2026-04-30T15:15:13-07:00,0,0
style.css,141,css,e16d5b47,Wanhan Sun,2026-04-30,15:15:13,-07:00,2026-04-30T15:15:13-07:00,0,10
style.css,142,css,e16d5b47,Wanhan Sun,2026-04-30,15:15:13,-07:00,2026-04-30T15:15:13-07:00,0,7
style.css,143,css,e16d5b47,Wanhan Sun,2026-04-30,15:15:13,-07:00,2026-04-30T15:15:13-07:00,1,12
style.css,144,css,e16d5b47,Wanhan Sun,2026-04-30,15:15:13,-07:00,2026-04-30T15:15:13-07:00,1,57
style.css,145,css,e16d5b47,Wanhan Sun,2026-04-30,15:15:13,-07:00,2026-04-30T15:15:13-07:00,1,9
style.css,146,css,e16d5b47,Wanhan Sun,2026-04-30,15:15:13,-07:00,2026-04-30T15:15:13-07:00,1,13
style.css,147,css,e16d5b47,Wanhan Sun,2026-04-30,15:15:13,-07:00,2026-04-30T15:15:13-07:00,1,8
style.css,148,css,e16d5b47,Wanhan Sun,2026-04-30,15:15:13,-07:00,2026-04-30T15:15:13-07:00,1,62
style.css,149,css,e16d5b47,Wanhan Sun,2026-04-30,15:15:13,-07:00,2026-04-30T15:15:13-07:00,1,15
style.css,150,css,e16d5b47,Wanhan Sun,2026-04-30,15:15:13,-07:00,2026-04-30T15:15:13-07:00,1,6
style.css,151,css,e16d5b47,Wanhan Sun,2026-04-30,15:15:13,-07:00,2026-04-30T15:15:13-07:00,0,0
style.css,152,css,e16d5b47,Wanhan Sun,2026-04-30,15:15:13,-07:00,2026-04-30T15:15:13-07:00,0,0
style.css,153,css,e16d5b47,Wanhan Sun,2026-04-30,15:15:13,-07:00,2026-04-30T15:15:13-07:00,0,12
style.css,154,css,e16d5b47,Wanhan Sun,2026-04-30,15:15:13,-07:00,2026-04-30T15:15:13-07:00,1,12
style.css,155,css,e16d5b47,Wanhan Sun,2026-04-30,15:15:13,-07:00,2026-04-30T15:15:13-07:00,1,18
style.css,156,css,e16d5b47,Wanhan Sun,2026-04-30,15:15:13,-07:00,2026-04-30T15:15:13-07:00,1,9
style.css,157,css,e16d5b47,Wanhan Sun,2026-04-30,15:15:13,-07:00,2026-04-30T15:15:13-07:00,0,0
style.css,158,css,e16d5b47,Wanhan Sun,2026-04-30,15:15:13,-07:00,2026-04-30T15:15:13-07:00,0,0
style.css,159,css,e16d5b47,Wanhan Sun,2026-04-30,15:15:13,-07:00,2026-04-30T15:15:13-07:00,0,7
style.css,160,css,e16d5b47,Wanhan Sun,2026-04-30,15:15:13,-07:00,2026-04-30T15:15:13-07:00,1,20
style.css,161,css,e16d5b47,Wanhan Sun,2026-04-30,15:15:13,-07:00,2026-04-30T15:15:13-07:00,1,9
style.css,162,css,e16d5b47,Wanhan Sun,2026-04-30,15:15:13,-07:00,2026-04-30T15:15:13-07:00,1,18
style.css,163,css,e16d5b47,Wanhan Sun,2026-04-30,15:15:13,-07:00,2026-04-30T15:15:13-07:00,1,29
style.css,164,css,e16d5b47,Wanhan Sun,2026-04-30,15:15:13,-07:00,2026-04-30T15:15:13-07:00,1,17
style.css,165,css,e16d5b47,Wanhan Sun,2026-04-30,15:15:13,-07:00,2026-04-30T15:15:13-07:00,0,0
style.css,166,css,e16d5b47,Wanhan Sun,2026-04-30,15:15:13,-07:00,2026-04-30T15:15:13-07:00,0,0
style.css,167,css,e16d5b47,Wanhan Sun,2026-04-30,15:15:13,-07:00,2026-04-30T15:15:13-07:00,0,29
style.css,168,css,e16d5b47,Wanhan Sun,2026-04-30,15:15:13,-07:00,2026-04-30T15:15:13-07:00,0,10
style.css,169,css,e16d5b47,Wanhan Sun,2026-04-30,15:15:13,-07:00,2026-04-30T15:15:13-07:00,1,12
style.css,170,css,e16d5b47,Wanhan Sun,2026-04-30,15:15:13,-07:00,2026-04-30T15:15:13-07:00,1,18
style.css,171,css,e16d5b47,Wanhan Sun,2026-04-30,15:15:13,-07:00,2026-04-30T15:15:13-07:00,1,7
style.css,172,css,e16d5b47,Wanhan Sun,2026-04-30,15:15:13,-07:00,2026-04-30T15:15:13-07:00,0,0
style.css,173,css,e16d5b47,Wanhan Sun,2026-04-30,15:15:13,-07:00,2026-04-30T15:15:13-07:00,0,0
style.css,174,css,e16d5b47,Wanhan Sun,2026-04-30,15:15:13,-07:00,2026-04-30T15:15:13-07:00,0,14
style.css,175,css,e16d5b47,Wanhan Sun,2026-04-30,15:15:13,-07:00,2026-04-30T15:15:13-07:00,0,10
style.css,176,css,e16d5b47,Wanhan Sun,2026-04-30,15:15:13,-07:00,2026-04-30T15:15:13-07:00,1,13
style.css,177,css,e16d5b47,Wanhan Sun,2026-04-30,15:15:13,-07:00,2026-04-30T15:15:13-07:00,1,10
style.css,178,css,e16d5b47,Wanhan Sun,2026-04-30,15:15:13,-07:00,2026-04-30T15:15:13-07:00,1,16
style.css,179,css,e16d5b47,Wanhan Sun,2026-04-30,15:15:13,-07:00,2026-04-30T15:15:13-07:00,1,13
style.css,180,css,e16d5b47,Wanhan Sun,2026-04-30,15:15:13,-07:00,2026-04-30T15:15:13-07:00,1,12
style.css,181,css,e16d5b47,Wanhan Sun,2026-04-30,15:15:13,-07:00,2026-04-30T15:15:13-07:00,1,21
style.css,182,css,c4550ec,Wanhan Sun,2026-04-06,16:26:39,-07:00,2026-04-06T16:26:39-07:00,0,0
resume.html,1,html,c4550ec,Wanhan Sun,2026-04-06,16:26:39,-07:00,2026-04-06T16:26:39-07:00,0,13
resume.html,2,html,c4550ec,Wanhan Sun,2026-04-06,16:26:39,-07:00,2026-04-06T16:26:39-07:00,0,14
resume.html,3,html,96a813f8,Wanhan Sun,2026-04-10,15:57:42,-07:00,2026-04-10T15:57:42-07:00,2,4
resume.html,4,html,e16d5b47,Wanhan Sun,2026-04-30,15:15:13,-07:00,2026-04-30T15:15:13-07:00,4,48
resume.html,5,html,0c22cfa5,Wanhan Sun,2026-04-18,18:58:27,-07:00,2026-04-18T18:58:27-07:00,0,0
resume.html,6,html,96a813f8,Wanhan Sun,2026-04-10,15:57:42,-07:00,2026-04-10T15:57:42-07:00,4,20
resume.html,7,html,96a813f8,Wanhan Sun,2026-04-10,15:57:42,-07:00,2026-04-10T15:57:42-07:00,4,19
resume.html,8,html,96a813f8,Wanhan Sun,2026-04-10,15:57:42,-07:00,2026-04-10T15:57:42-07:00,4,38
resume.html,9,html,96a813f8,Wanhan Sun,2026-04-10,15:57:42,-07:00,2026-04-10T15:57:42-07:00,2,5
resume.html,10,html,96a813f8,Wanhan Sun,2026-04-10,15:57:42,-07:00,2026-04-10T15:57:42-07:00,2,4
resume.html,11,html,dc404c81,Wanhan Sun,2026-04-18,19:02:16,-07:00,2026-04-18T19:02:16-07:00,4,0
resume.html,12,html,96a813f8,Wanhan Sun,2026-04-10,15:57:42,-07:00,2026-04-10T15:57:42-07:00,4,13
resume.html,13,html,9893d573,Wanhan Sun,2026-04-10,15:53:18,-07:00,2026-04-10T15:53:18-07:00,0,0
resume.html,14,html,96a813f8,Wanhan Sun,2026-04-10,15:57:42,-07:00,2026-04-10T15:57:42-07:00,4,7
resume.html,15,html,96a813f8,Wanhan Sun,2026-04-10,15:57:42,-07:00,2026-04-10T15:57:42-07:00,6,16
resume.html,16,html,96a813f8,Wanhan Sun,2026-04-10,15:57:42,-07:00,2026-04-10T15:57:42-07:00,6,49
resume.html,17,html,96a813f8,Wanhan Sun,2026-04-10,15:57:42,-07:00,2026-04-10T15:57:42-07:00,4,8
resume.html,18,html,c4550ec,Wanhan Sun,2026-04-06,16:26:39,-07:00,2026-04-06T16:26:39-07:00,0,0
resume.html,19,html,96a813f8,Wanhan Sun,2026-04-10,15:57:42,-07:00,2026-04-10T15:57:42-07:00,4,7
resume.html,20,html,96a813f8,Wanhan Sun,2026-04-10,15:57:42,-07:00,2026-04-10T15:57:42-07:00,6,17
resume.html,21,html,96a813f8,Wanhan Sun,2026-04-10,15:57:42,-07:00,2026-04-10T15:57:42-07:00,6,7
resume.html,22,html,96a813f8,Wanhan Sun,2026-04-10,15:57:42,-07:00,2026-04-10T15:57:42-07:00,8,30
resume.html,23,html,96a813f8,Wanhan Sun,2026-04-10,15:57:42,-07:00,2026-04-10T15:57:42-07:00,8,104
resume.html,24,html,96a813f8,Wanhan Sun,2026-04-10,15:57:42,-07:00,2026-04-10T15:57:42-07:00,6,8
resume.html,25,html,96a813f8,Wanhan Sun,2026-04-10,15:57:42,-07:00,2026-04-10T15:57:42-07:00,6,7
resume.html,26,html,96a813f8,Wanhan Sun,2026-04-10,15:57:42,-07:00,2026-04-10T15:57:42-07:00,8,27
resume.html,27,html,96a813f8,Wanhan Sun,2026-04-10,15:57:42,-07:00,2026-04-10T15:57:42-07:00,8,20
resume.html,28,html,96a813f8,Wanhan Sun,2026-04-10,15:57:42,-07:00,2026-04-10T15:57:42-07:00,6,8
resume.html,29,html,96a813f8,Wanhan Sun,2026-04-10,15:57:42,-07:00,2026-04-10T15:57:42-07:00,4,8
resume.html,30,html,c4550ec,Wanhan Sun,2026-04-06,16:26:39,-07:00,2026-04-06T16:26:39-07:00,0,0
resume.html,31,html,96a813f8,Wanhan Sun,2026-04-10,15:57:42,-07:00,2026-04-10T15:57:42-07:00,4,7
resume.html,32,html,96a813f8,Wanhan Sun,2026-04-10,15:57:42,-07:00,2026-04-10T15:57:42-07:00,6,15
resume.html,33,html,96a813f8,Wanhan Sun,2026-04-10,15:57:42,-07:00,2026-04-10T15:57:42-07:00,6,2
resume.html,34,html,96a813f8,Wanhan Sun,2026-04-10,15:57:42,-07:00,2026-04-10T15:57:42-07:00,8,29
resume.html,35,html,96a813f8,Wanhan Sun,2026-04-10,15:57:42,-07:00,2026-04-10T15:57:42-07:00,8,31
resume.html,36,html,96a813f8,Wanhan Sun,2026-04-10,15:57:42,-07:00,2026-04-10T15:57:42-07:00,8,26
resume.html,37,html,96a813f8,Wanhan Sun,2026-04-10,15:57:42,-07:00,2026-04-10T15:57:42-07:00,6,3
resume.html,38,html,96a813f8,Wanhan Sun,2026-04-10,15:57:42,-07:00,2026-04-10T15:57:42-07:00,4,8
resume.html,39,html,96a813f8,Wanhan Sun,2026-04-10,15:57:42,-07:00,2026-04-10T15:57:42-07:00,2,5
resume.html,40,html,c4550ec,Wanhan Sun,2026-04-06,16:26:39,-07:00,2026-04-06T16:26:39-07:00,0,5
index.js,1,js,2c726133,Wanhan Sun,2026-04-24,21:10:59,-07:00,2026-04-24T21:10:59-07:00,0,71
index.js,2,js,2c726133,Wanhan Sun,2026-04-24,21:10:59,-07:00,2026-04-24T21:10:59-07:00,0,0
index.js,3,js,2c726133,Wanhan Sun,2026-04-24,21:10:59,-07:00,2026-04-24T21:10:59-07:00,0,54
index.js,4,js,2c726133,Wanhan Sun,2026-04-24,21:10:59,-07:00,2026-04-24T21:10:59-07:00,0,42
index.js,5,js,2c726133,Wanhan Sun,2026-04-24,21:10:59,-07:00,2026-04-24T21:10:59-07:00,0,60
index.js,6,js,2c726133,Wanhan Sun,2026-04-24,21:10:59,-07:00,2026-04-24T21:10:59-07:00,0,54
index.js,7,js,2c726133,Wanhan Sun,2026-04-24,21:10:59,-07:00,2026-04-24T21:10:59-07:00,0,0
index.js,8,js,2c726133,Wanhan Sun,2026-04-24,21:10:59,-07:00,2026-04-24T21:10:59-07:00,0,51
index.js,9,js,2c726133,Wanhan Sun,2026-04-24,21:10:59,-07:00,2026-04-24T21:10:59-07:00,0,60
index.js,10,js,2c726133,Wanhan Sun,2026-04-24,21:10:59,-07:00,2026-04-24T21:10:59-07:00,0,17
index.js,11,js,2c726133,Wanhan Sun,2026-04-24,21:10:59,-07:00,2026-04-24T21:10:59-07:00,1,24
index.js,12,js,2c726133,Wanhan Sun,2026-04-24,21:10:59,-07:00,2026-04-24T21:10:59-07:00,2,2
index.js,13,js,2c726133,Wanhan Sun,2026-04-24,21:10:59,-07:00,2026-04-24T21:10:59-07:00,3,54
index.js,14,js,2c726133,Wanhan Sun,2026-04-24,21:10:59,-07:00,2026-04-24T21:10:59-07:00,3,54
index.js,15,js,2c726133,Wanhan Sun,2026-04-24,21:10:59,-07:00,2026-04-24T21:10:59-07:00,3,48
index.js,16,js,2c726133,Wanhan Sun,2026-04-24,21:10:59,-07:00,2026-04-24T21:10:59-07:00,3,48
index.js,17,js,2c726133,Wanhan Sun,2026-04-24,21:10:59,-07:00,2026-04-24T21:10:59-07:00,2,3
index.js,18,js,2c726133,Wanhan Sun,2026-04-24,21:10:59,-07:00,2026-04-24T21:10:59-07:00,1,0
index.js,19,js,2c726133,Wanhan Sun,2026-04-24,21:10:59,-07:00,2026-04-24T21:10:59-07:00,0,0
index.html,1,html,f4f2bb4b,Wanhan Sun,2026-04-06,16:32:57,-07:00,2026-04-06T16:32:57-07:00,0,13
index.html,2,html,f4f2bb4b,Wanhan Sun,2026-04-06,16:32:57,-07:00,2026-04-06T16:32:57-07:00,0,14
index.html,3,html,0d9f80cf,Wanhan Sun,2026-04-10,15:51:00,-07:00,2026-04-10T15:51:00-07:00,2,4
index.html,4,html,0d9f80cf,Wanhan Sun,2026-04-10,15:51:00,-07:00,2026-04-10T15:51:00-07:00,4,20
index.html,5,html,0d9f80cf,Wanhan Sun,2026-04-10,15:51:00,-07:00,2026-04-10T15:51:00-07:00,4,52
index.html,6,html,0d9f80cf,Wanhan Sun,2026-04-10,15:51:00,-07:00,2026-04-10T15:51:00-07:00,4,38
index.html,7,html,dc404c81,Wanhan Sun,2026-04-18,19:02:16,-07:00,2026-04-18T19:02:16-07:00,4,56
index.html,8,html,2c726133,Wanhan Sun,2026-04-24,21:10:59,-07:00,2026-04-24T21:10:59-07:00,4,50
index.html,9,html,0d9f80cf,Wanhan Sun,2026-04-10,15:51:00,-07:00,2026-04-10T15:51:00-07:00,2,5
index.html,10,html,0d9f80cf,Wanhan Sun,2026-04-10,15:51:00,-07:00,2026-04-10T15:51:00-07:00,2,4
index.html,11,html,0d9f80cf,Wanhan Sun,2026-04-10,15:51:00,-07:00,2026-04-10T15:51:00-07:00,4,17
index.html,12,html,0d9f80cf,Wanhan Sun,2026-04-10,15:51:00,-07:00,2026-04-10T15:51:00-07:00,4,46
index.html,13,html,0d9f80cf,Wanhan Sun,2026-04-10,15:51:00,-07:00,2026-04-10T15:51:00-07:00,4,138
index.html,14,html,2c726133,Wanhan Sun,2026-04-24,21:10:59,-07:00,2026-04-24T21:10:59-07:00,0,0
index.html,15,html,2c726133,Wanhan Sun,2026-04-24,21:10:59,-07:00,2026-04-24T21:10:59-07:00,4,22
index.html,16,html,2c726133,Wanhan Sun,2026-04-24,21:10:59,-07:00,2026-04-24T21:10:59-07:00,4,26
index.html,17,html,2c726133,Wanhan Sun,2026-04-24,21:10:59,-07:00,2026-04-24T21:10:59-07:00,0,0
index.html,18,html,2c726133,Wanhan Sun,2026-04-24,21:10:59,-07:00,2026-04-24T21:10:59-07:00,4,22
index.html,19,html,2c726133,Wanhan Sun,2026-04-24,21:10:59,-07:00,2026-04-24T21:10:59-07:00,5,19
index.html,20,html,2c726133,Wanhan Sun,2026-04-24,21:10:59,-07:00,2026-04-24T21:10:59-07:00,4,4
index.html,21,html,0d9f80cf,Wanhan Sun,2026-04-10,15:51:00,-07:00,2026-04-10T15:51:00-07:00,2,5
index.html,22,html,f4f2bb4b,Wanhan Sun,2026-04-06,16:32:57,-07:00,2026-04-06T16:32:57-07:00,0,5
global.js,1,js,0c22cfa5,Wanhan Sun,2026-04-18,18:58:27,-07:00,2026-04-18T18:58:27-07:00,0,26
global.js,2,js,0c22cfa5,Wanhan Sun,2026-04-18,18:58:27,-07:00,2026-04-18T18:58:27-07:00,0,0
global.js,3,js,0c22cfa5,Wanhan Sun,2026-04-18,18:58:27,-07:00,2026-04-18T18:58:27-07:00,0,41
global.js,4,js,0c22cfa5,Wanhan Sun,2026-04-18,18:58:27,-07:00,2026-04-18T18:58:27-07:00,1,52
global.js,5,js,0c22cfa5,Wanhan Sun,2026-04-18,18:58:27,-07:00,2026-04-18T18:58:27-07:00,0,0
global.js,6,js,0c22cfa5,Wanhan Sun,2026-04-18,18:58:27,-07:00,2026-04-18T18:58:27-07:00,0,0
global.js,7,js,2c726133,Wanhan Sun,2026-04-24,21:10:59,-07:00,2026-04-24T21:10:59-07:00,0,21
global.js,8,js,0c22cfa5,Wanhan Sun,2026-04-18,18:58:27,-07:00,2026-04-18T18:58:27-07:00,0,88
global.js,9,js,0c22cfa5,Wanhan Sun,2026-04-18,18:58:27,-07:00,2026-04-18T18:58:27-07:00,1,3
global.js,10,js,0c22cfa5,Wanhan Sun,2026-04-18,18:58:27,-07:00,2026-04-18T18:58:27-07:00,1,14
global.js,11,js,0c22cfa5,Wanhan Sun,2026-04-18,18:58:27,-07:00,2026-04-18T18:58:27-07:00,0,0
global.js,12,js,0c22cfa5,Wanhan Sun,2026-04-18,18:58:27,-07:00,2026-04-18T18:58:27-07:00,0,11
global.js,13,js,0c22cfa5,Wanhan Sun,2026-04-18,18:58:27,-07:00,2026-04-18T18:58:27-07:00,1,25
global.js,14,js,0c22cfa5,Wanhan Sun,2026-04-18,18:58:27,-07:00,2026-04-18T18:58:27-07:00,1,38
global.js,15,js,0c22cfa5,Wanhan Sun,2026-04-18,18:58:27,-07:00,2026-04-18T18:58:27-07:00,1,36
global.js,16,js,0c22cfa5,Wanhan Sun,2026-04-18,18:58:27,-07:00,2026-04-18T18:58:27-07:00,1,38
global.js,17,js,0c22cfa5,Wanhan Sun,2026-04-18,18:58:27,-07:00,2026-04-18T18:58:27-07:00,1,54
global.js,18,js,0c22cfa5,Wanhan Sun,2026-04-18,18:58:27,-07:00,2026-04-18T18:58:27-07:00,0,0
global.js,19,js,0c22cfa5,Wanhan Sun,2026-04-18,18:58:27,-07:00,2026-04-18T18:58:27-07:00,0,0
global.js,20,js,0c22cfa5,Wanhan Sun,2026-04-18,18:58:27,-07:00,2026-04-18T18:58:27-07:00,0,38
global.js,21,js,0c22cfa5,Wanhan Sun,2026-04-18,18:58:27,-07:00,2026-04-18T18:58:27-07:00,0,25
global.js,22,js,0c22cfa5,Wanhan Sun,2026-04-18,18:58:27,-07:00,2026-04-18T18:58:27-07:00,0,0
global.js,23,js,0c22cfa5,Wanhan Sun,2026-04-18,18:58:27,-07:00,2026-04-18T18:58:27-07:00,0,20
global.js,24,js,0c22cfa5,Wanhan Sun,2026-04-18,18:58:27,-07:00,2026-04-18T18:58:27-07:00,1,14
global.js,25,js,0c22cfa5,Wanhan Sun,2026-04-18,18:58:27,-07:00,2026-04-18T18:58:27-07:00,1,18
global.js,26,js,0c22cfa5,Wanhan Sun,2026-04-18,18:58:27,-07:00,2026-04-18T18:58:27-07:00,0,0
global.js,27,js,0c22cfa5,Wanhan Sun,2026-04-18,18:58:27,-07:00,2026-04-18T18:58:27-07:00,1,52
global.js,28,js,0c22cfa5,Wanhan Sun,2026-04-18,18:58:27,-07:00,2026-04-18T18:58:27-07:00,0,0
global.js,29,js,0c22cfa5,Wanhan Sun,2026-04-18,18:58:27,-07:00,2026-04-18T18:58:27-07:00,1,34
global.js,30,js,0c22cfa5,Wanhan Sun,2026-04-18,18:58:27,-07:00,2026-04-18T18:58:27-07:00,1,11
global.js,31,js,0c22cfa5,Wanhan Sun,2026-04-18,18:58:27,-07:00,2026-04-18T18:58:27-07:00,1,20
global.js,32,js,0c22cfa5,Wanhan Sun,2026-04-18,18:58:27,-07:00,2026-04-18T18:58:27-07:00,0,0
global.js,33,js,0c22cfa5,Wanhan Sun,2026-04-18,18:58:27,-07:00,2026-04-18T18:58:27-07:00,1,29
global.js,34,js,0c22cfa5,Wanhan Sun,2026-04-18,18:58:27,-07:00,2026-04-18T18:58:27-07:00,2,18
global.js,35,js,0c22cfa5,Wanhan Sun,2026-04-18,18:58:27,-07:00,2026-04-18T18:58:27-07:00,1,0
global.js,36,js,0c22cfa5,Wanhan Sun,2026-04-18,18:58:27,-07:00,2026-04-18T18:58:27-07:00,0,0
global.js,37,js,0c22cfa5,Wanhan Sun,2026-04-18,18:58:27,-07:00,2026-04-18T18:58:27-07:00,1,17
global.js,38,js,0c22cfa5,Wanhan Sun,2026-04-18,18:58:27,-07:00,2026-04-18T18:58:27-07:00,2,8
global.js,39,js,0c22cfa5,Wanhan Sun,2026-04-18,18:58:27,-07:00,2026-04-18T18:58:27-07:00,2,59
global.js,40,js,0c22cfa5,Wanhan Sun,2026-04-18,18:58:27,-07:00,2026-04-18T18:58:27-07:00,1,0
global.js,41,js,0c22cfa5,Wanhan Sun,2026-04-18,18:58:27,-07:00,2026-04-18T18:58:27-07:00,0,0
global.js,42,js,0c22cfa5,Wanhan Sun,2026-04-18,18:58:27,-07:00,2026-04-18T18:58:27-07:00,1,12
global.js,43,js,0c22cfa5,Wanhan Sun,2026-04-18,18:58:27,-07:00,2026-04-18T18:58:27-07:00,0,0
global.js,44,js,0c22cfa5,Wanhan Sun,2026-04-18,18:58:27,-07:00,2026-04-18T18:58:27-07:00,0,0
global.js,45,js,2c726133,Wanhan Sun,2026-04-24,21:10:59,-07:00,2026-04-24T21:10:59-07:00,0,10
global.js,46,js,0c22cfa5,Wanhan Sun,2026-04-18,18:58:27,-07:00,2026-04-18T18:58:27-07:00,0,31
global.js,47,js,0c22cfa5,Wanhan Sun,2026-04-18,18:58:27,-07:00,2026-04-18T18:58:27-07:00,1,11
global.js,48,js,0c22cfa5,Wanhan Sun,2026-04-18,18:58:27,-07:00,2026-04-18T18:58:27-07:00,1,27
global.js,49,js,0c22cfa5,Wanhan Sun,2026-04-18,18:58:27,-07:00,2026-04-18T18:58:27-07:00,2,4
global.js,50,js,0c22cfa5,Wanhan Sun,2026-04-18,18:58:27,-07:00,2026-04-18T18:58:27-07:00,2,6
global.js,51,js,0c22cfa5,Wanhan Sun,2026-04-18,18:58:27,-07:00,2026-04-18T18:58:27-07:00,3,43
global.js,52,js,0c22cfa5,Wanhan Sun,2026-04-18,18:58:27,-07:00,2026-04-18T18:58:27-07:00,3,34
global.js,53,js,0c22cfa5,Wanhan Sun,2026-04-18,18:58:27,-07:00,2026-04-18T18:58:27-07:00,3,32
global.js,54,js,0c22cfa5,Wanhan Sun,2026-04-18,18:58:27,-07:00,2026-04-18T18:58:27-07:00,2,7
global.js,55,js,0c22cfa5,Wanhan Sun,2026-04-18,18:58:27,-07:00,2026-04-18T18:58:27-07:00,1,8
global.js,56,js,0c22cfa5,Wanhan Sun,2026-04-18,18:58:27,-07:00,2026-04-18T18:58:27-07:00,0,0
global.js,57,js,0c22cfa5,Wanhan Sun,2026-04-18,18:58:27,-07:00,2026-04-18T18:58:27-07:00,0,0
global.js,58,js,0c22cfa5,Wanhan Sun,2026-04-18,18:58:27,-07:00,2026-04-18T18:58:27-07:00,0,58
global.js,59,js,0c22cfa5,Wanhan Sun,2026-04-18,18:58:27,-07:00,2026-04-18T18:58:27-07:00,0,0
global.js,60,js,0c22cfa5,Wanhan Sun,2026-04-18,18:58:27,-07:00,2026-04-18T18:58:27-07:00,0,36
global.js,61,js,0c22cfa5,Wanhan Sun,2026-04-18,18:58:27,-07:00,2026-04-18T18:58:27-07:00,1,70
global.js,62,js,0c22cfa5,Wanhan Sun,2026-04-18,18:58:27,-07:00,2026-04-18T18:58:27-07:00,1,25
global.js,63,js,0c22cfa5,Wanhan Sun,2026-04-18,18:58:27,-07:00,2026-04-18T18:58:27-07:00,0,0
global.js,64,js,0c22cfa5,Wanhan Sun,2026-04-18,18:58:27,-07:00,2026-04-18T18:58:27-07:00,0,0
global.js,65,js,0c22cfa5,Wanhan Sun,2026-04-18,18:58:27,-07:00,2026-04-18T18:58:27-07:00,0,34
global.js,66,js,0c22cfa5,Wanhan Sun,2026-04-18,18:58:27,-07:00,2026-04-18T18:58:27-07:00,1,39
global.js,67,js,0c22cfa5,Wanhan Sun,2026-04-18,18:58:27,-07:00,2026-04-18T18:58:27-07:00,0,0
global.js,68,js,0c22cfa5,Wanhan Sun,2026-04-18,18:58:27,-07:00,2026-04-18T18:58:27-07:00,0,0
global.js,69,js,0c22cfa5,Wanhan Sun,2026-04-18,18:58:27,-07:00,2026-04-18T18:58:27-07:00,0,49
global.js,70,js,0c22cfa5,Wanhan Sun,2026-04-18,18:58:27,-07:00,2026-04-18T18:58:27-07:00,1,44
global.js,71,js,0c22cfa5,Wanhan Sun,2026-04-18,18:58:27,-07:00,2026-04-18T18:58:27-07:00,1,33
global.js,72,js,2c726133,Wanhan Sun,2026-04-24,21:10:59,-07:00,2026-04-24T21:10:59-07:00,0,1
global.js,73,js,2c726133,Wanhan Sun,2026-04-24,21:10:59,-07:00,2026-04-24T21:10:59-07:00,0,0
global.js,74,js,2c726133,Wanhan Sun,2026-04-24,21:10:59,-07:00,2026-04-24T21:10:59-07:00,0,17
global.js,75,js,2c726133,Wanhan Sun,2026-04-24,21:10:59,-07:00,2026-04-24T21:10:59-07:00,0,36
global.js,76,js,2c726133,Wanhan Sun,2026-04-24,21:10:59,-07:00,2026-04-24T21:10:59-07:00,1,3
global.js,77,js,2c726133,Wanhan Sun,2026-04-24,21:10:59,-07:00,2026-04-24T21:10:59-07:00,2,32
global.js,78,js,2c726133,Wanhan Sun,2026-04-24,21:10:59,-07:00,2026-04-24T21:10:59-07:00,2,17
global.js,79,js,2c726133,Wanhan Sun,2026-04-24,21:10:59,-07:00,2026-04-24T21:10:59-07:00,3,57
global.js,80,js,2c726133,Wanhan Sun,2026-04-24,21:10:59,-07:00,2026-04-24T21:10:59-07:00,2,0
global.js,81,js,2c726133,Wanhan Sun,2026-04-24,21:10:59,-07:00,2026-04-24T21:10:59-07:00,2,33
global.js,82,js,2c726133,Wanhan Sun,2026-04-24,21:10:59,-07:00,2026-04-24T21:10:59-07:00,2,10
global.js,83,js,2c726133,Wanhan Sun,2026-04-24,21:10:59,-07:00,2026-04-24T21:10:59-07:00,1,15
global.js,84,js,2c726133,Wanhan Sun,2026-04-24,21:10:59,-07:00,2026-04-24T21:10:59-07:00,2,59
global.js,85,js,2c726133,Wanhan Sun,2026-04-24,21:10:59,-07:00,2026-04-24T21:10:59-07:00,1,0
global.js,86,js,2c726133,Wanhan Sun,2026-04-24,21:10:59,-07:00,2026-04-24T21:10:59-07:00,0,0
global.js,87,js,2c726133,Wanhan Sun,2026-04-24,21:10:59,-07:00,2026-04-24T21:10:59-07:00,0,0
global.js,88,js,2c726133,Wanhan Sun,2026-04-24,21:10:59,-07:00,2026-04-24T21:10:59-07:00,0,22
global.js,89,js,2c726133,Wanhan Sun,2026-04-24,21:10:59,-07:00,2026-04-24T21:10:59-07:00,0,79
global.js,90,js,2c726133,Wanhan Sun,2026-04-24,21:10:59,-07:00,2026-04-24T21:10:59-07:00,1,30
global.js,91,js,2c726133,Wanhan Sun,2026-04-24,21:10:59,-07:00,2026-04-24T21:10:59-07:00,1,29
global.js,92,js,2c726133,Wanhan Sun,2026-04-24,21:10:59,-07:00,2026-04-24T21:10:59-07:00,2,48
global.js,93,js,2c726133,Wanhan Sun,2026-04-24,21:10:59,-07:00,2026-04-24T21:10:59-07:00,2,19
global.js,94,js,2c726133,Wanhan Sun,2026-04-24,21:10:59,-07:00,2026-04-24T21:10:59-07:00,3,49
global.js,95,js,2c726133,Wanhan Sun,2026-04-24,21:10:59,-07:00,2026-04-24T21:10:59-07:00,3,49
global.js,96,js,2c726133,Wanhan Sun,2026-04-24,21:10:59,-07:00,2026-04-24T21:10:59-07:00,3,27
global.js,97,js,2c726133,Wanhan Sun,2026-04-24,21:10:59,-07:00,2026-04-24T21:10:59-07:00,2,0
global.js,98,js,2c726133,Wanhan Sun,2026-04-24,21:10:59,-07:00,2026-04-24T21:10:59-07:00,2,36
global.js,99,js,2c726133,Wanhan Sun,2026-04-24,21:10:59,-07:00,2026-04-24T21:10:59-07:00,1,0
global.js,100,js,2c726133,Wanhan Sun,2026-04-24,21:10:59,-07:00,2026-04-24T21:10:59-07:00,0,0
global.js,101,js,2c726133,Wanhan Sun,2026-04-24,21:10:59,-07:00,2026-04-24T21:10:59-07:00,0,0
global.js,102,js,2c726133,Wanhan Sun,2026-04-24,21:10:59,-07:00,2026-04-24T21:10:59-07:00,0,23
global.js,103,js,2c726133,Wanhan Sun,2026-04-24,21:10:59,-07:00,2026-04-24T21:10:59-07:00,0,47
global.js,104,js,2c726133,Wanhan Sun,2026-04-24,21:10:59,-07:00,2026-04-24T21:10:59-07:00,1,59
global.js,105,js,2c726133,Wanhan Sun,2026-04-24,21:10:59,-07:00,2026-04-24T21:10:59-07:00,0,0
projects/projects.js,1,js,2c726133,Wanhan Sun,2026-04-24,21:10:59,-07:00,2026-04-24T21:10:59-07:00,0,55
projects/projects.js,2,js,e16d5b47,Wanhan Sun,2026-04-30,15:15:13,-07:00,2026-04-30T15:15:13-07:00,0,63
projects/projects.js,3,js,2c726133,Wanhan Sun,2026-04-24,21:10:59,-07:00,2026-04-24T21:10:59-07:00,0,0
projects/projects.js,4,js,2c726133,Wanhan Sun,2026-04-24,21:10:59,-07:00,2026-04-24T21:10:59-07:00,0,55
projects/projects.js,5,js,2c726133,Wanhan Sun,2026-04-24,21:10:59,-07:00,2026-04-24T21:10:59-07:00,0,60
projects/projects.js,6,js,2c726133,Wanhan Sun,2026-04-24,21:10:59,-07:00,2026-04-24T21:10:59-07:00,0,0
projects/projects.js,7,js,2c726133,Wanhan Sun,2026-04-24,21:10:59,-07:00,2026-04-24T21:10:59-07:00,0,53
projects/projects.js,8,js,2c726133,Wanhan Sun,2026-04-24,21:10:59,-07:00,2026-04-24T21:10:59-07:00,1,30
projects/projects.js,9,js,2c726133,Wanhan Sun,2026-04-24,21:10:59,-07:00,2026-04-24T21:10:59-07:00,0,0
projects/projects.js,10,js,e16d5b47,Wanhan Sun,2026-04-30,15:15:13,-07:00,2026-04-30T15:15:13-07:00,0,13
projects/projects.js,11,js,e16d5b47,Wanhan Sun,2026-04-30,15:15:13,-07:00,2026-04-30T15:15:13-07:00,0,21
projects/projects.js,12,js,e16d5b47,Wanhan Sun,2026-04-30,15:15:13,-07:00,2026-04-30T15:15:13-07:00,0,0
projects/projects.js,13,js,e16d5b47,Wanhan Sun,2026-04-30,15:15:13,-07:00,2026-04-30T15:15:13-07:00,0,57
projects/projects.js,14,js,e16d5b47,Wanhan Sun,2026-04-30,15:15:13,-07:00,2026-04-30T15:15:13-07:00,0,47
projects/projects.js,15,js,e16d5b47,Wanhan Sun,2026-04-30,15:15:13,-07:00,2026-04-30T15:15:13-07:00,0,0
projects/projects.js,16,js,e16d5b47,Wanhan Sun,2026-04-30,15:15:13,-07:00,2026-04-30T15:15:13-07:00,0,38
projects/projects.js,17,js,e16d5b47,Wanhan Sun,2026-04-30,15:15:13,-07:00,2026-04-30T15:15:13-07:00,1,26
projects/projects.js,18,js,e16d5b47,Wanhan Sun,2026-04-30,15:15:13,-07:00,2026-04-30T15:15:13-07:00,2,12
projects/projects.js,19,js,e16d5b47,Wanhan Sun,2026-04-30,15:15:13,-07:00,2026-04-30T15:15:13-07:00,2,14
projects/projects.js,20,js,e16d5b47,Wanhan Sun,2026-04-30,15:15:13,-07:00,2026-04-30T15:15:13-07:00,2,12
projects/projects.js,21,js,e16d5b47,Wanhan Sun,2026-04-30,15:15:13,-07:00,2026-04-30T15:15:13-07:00,1,0
projects/projects.js,22,js,e16d5b47,Wanhan Sun,2026-04-30,15:15:13,-07:00,2026-04-30T15:15:13-07:00,0,0
projects/projects.js,23,js,e16d5b47,Wanhan Sun,2026-04-30,15:15:13,-07:00,2026-04-30T15:15:13-07:00,1,45
projects/projects.js,24,js,e16d5b47,Wanhan Sun,2026-04-30,15:15:13,-07:00,2026-04-30T15:15:13-07:00,2,11
projects/projects.js,25,js,e16d5b47,Wanhan Sun,2026-04-30,15:15:13,-07:00,2026-04-30T15:15:13-07:00,2,10
projects/projects.js,26,js,e16d5b47,Wanhan Sun,2026-04-30,15:15:13,-07:00,2026-04-30T15:15:13-07:00,1,2
projects/projects.js,27,js,e16d5b47,Wanhan Sun,2026-04-30,15:15:13,-07:00,2026-04-30T15:15:13-07:00,0,0
projects/projects.js,28,js,e16d5b47,Wanhan Sun,2026-04-30,15:15:13,-07:00,2026-04-30T15:15:13-07:00,1,50
projects/projects.js,29,js,e16d5b47,Wanhan Sun,2026-04-30,15:15:13,-07:00,2026-04-30T15:15:13-07:00,1,33
projects/projects.js,30,js,e16d5b47,Wanhan Sun,2026-04-30,15:15:13,-07:00,2026-04-30T15:15:13-07:00,1,45
projects/projects.js,31,js,e16d5b47,Wanhan Sun,2026-04-30,15:15:13,-07:00,2026-04-30T15:15:13-07:00,0,0
projects/projects.js,32,js,e16d5b47,Wanhan Sun,2026-04-30,15:15:13,-07:00,2026-04-30T15:15:13-07:00,1,21
projects/projects.js,33,js,e16d5b47,Wanhan Sun,2026-04-30,15:15:13,-07:00,2026-04-30T15:15:13-07:00,1,25
projects/projects.js,34,js,e16d5b47,Wanhan Sun,2026-04-30,15:15:13,-07:00,2026-04-30T15:15:13-07:00,1,29
projects/projects.js,35,js,e16d5b47,Wanhan Sun,2026-04-30,15:15:13,-07:00,2026-04-30T15:15:13-07:00,1,32
projects/projects.js,36,js,e16d5b47,Wanhan Sun,2026-04-30,15:15:13,-07:00,2026-04-30T15:15:13-07:00,1,30
projects/projects.js,37,js,e16d5b47,Wanhan Sun,2026-04-30,15:15:13,-07:00,2026-04-30T15:15:13-07:00,0,0
projects/projects.js,38,js,e16d5b47,Wanhan Sun,2026-04-30,15:15:13,-07:00,2026-04-30T15:15:13-07:00,1,16
projects/projects.js,39,js,e16d5b47,Wanhan Sun,2026-04-30,15:15:13,-07:00,2026-04-30T15:15:13-07:00,1,24
projects/projects.js,40,js,e16d5b47,Wanhan Sun,2026-04-30,15:15:13,-07:00,2026-04-30T15:15:13-07:00,2,1
projects/projects.js,41,js,e16d5b47,Wanhan Sun,2026-04-30,15:15:13,-07:00,2026-04-30T15:15:13-07:00,3,13
projects/projects.js,42,js,e16d5b47,Wanhan Sun,2026-04-30,15:15:13,-07:00,2026-04-30T15:15:13-07:00,3,13
projects/projects.js,43,js,e16d5b47,Wanhan Sun,2026-04-30,15:15:13,-07:00,2026-04-30T15:15:13-07:00,3,22
projects/projects.js,44,js,e16d5b47,Wanhan Sun,2026-04-30,15:15:13,-07:00,2026-04-30T15:15:13-07:00,3,51
projects/projects.js,45,js,e16d5b47,Wanhan Sun,2026-04-30,15:15:13,-07:00,2026-04-30T15:15:13-07:00,3,18
projects/projects.js,46,js,e16d5b47,Wanhan Sun,2026-04-30,15:15:13,-07:00,2026-04-30T15:15:13-07:00,4,43
projects/projects.js,47,js,e16d5b47,Wanhan Sun,2026-04-30,15:15:13,-07:00,2026-04-30T15:15:13-07:00,0,0
projects/projects.js,48,js,e16d5b47,Wanhan Sun,2026-04-30,15:15:13,-07:00,2026-04-30T15:15:13-07:00,4,45
projects/projects.js,49,js,e16d5b47,Wanhan Sun,2026-04-30,15:15:13,-07:00,2026-04-30T15:15:13-07:00,5,37
projects/projects.js,50,js,e16d5b47,Wanhan Sun,2026-04-30,15:15:13,-07:00,2026-04-30T15:15:13-07:00,4,0
projects/projects.js,51,js,e16d5b47,Wanhan Sun,2026-04-30,15:15:13,-07:00,2026-04-30T15:15:13-07:00,0,0
projects/projects.js,52,js,e16d5b47,Wanhan Sun,2026-04-30,15:15:13,-07:00,2026-04-30T15:15:13-07:00,4,46
projects/projects.js,53,js,e16d5b47,Wanhan Sun,2026-04-30,15:15:13,-07:00,2026-04-30T15:15:13-07:00,5,60
projects/projects.js,54,js,e16d5b47,Wanhan Sun,2026-04-30,15:15:13,-07:00,2026-04-30T15:15:13-07:00,4,0
projects/projects.js,55,js,e16d5b47,Wanhan Sun,2026-04-30,15:15:13,-07:00,2026-04-30T15:15:13-07:00,0,0
projects/projects.js,56,js,e16d5b47,Wanhan Sun,2026-04-30,15:15:13,-07:00,2026-04-30T15:15:13-07:00,4,34
projects/projects.js,57,js,e16d5b47,Wanhan Sun,2026-04-30,15:15:13,-07:00,2026-04-30T15:15:13-07:00,4,43
projects/projects.js,58,js,e16d5b47,Wanhan Sun,2026-04-30,15:15:13,-07:00,2026-04-30T15:15:13-07:00,4,25
projects/projects.js,59,js,e16d5b47,Wanhan Sun,2026-04-30,15:15:13,-07:00,2026-04-30T15:15:13-07:00,5,56
projects/projects.js,60,js,e16d5b47,Wanhan Sun,2026-04-30,15:15:13,-07:00,2026-04-30T15:15:13-07:00,4,6
projects/projects.js,61,js,e16d5b47,Wanhan Sun,2026-04-30,15:15:13,-07:00,2026-04-30T15:15:13-07:00,5,43
projects/projects.js,62,js,e16d5b47,Wanhan Sun,2026-04-30,15:15:13,-07:00,2026-04-30T15:15:13-07:00,5,13
projects/projects.js,63,js,e16d5b47,Wanhan Sun,2026-04-30,15:15:13,-07:00,2026-04-30T15:15:13-07:00,6,54
projects/projects.js,64,js,e16d5b47,Wanhan Sun,2026-04-30,15:15:13,-07:00,2026-04-30T15:15:13-07:00,6,16
projects/projects.js,65,js,e16d5b47,Wanhan Sun,2026-04-30,15:15:13,-07:00,2026-04-30T15:15:13-07:00,6,2
projects/projects.js,66,js,e16d5b47,Wanhan Sun,2026-04-30,15:15:13,-07:00,2026-04-30T15:15:13-07:00,5,0
projects/projects.js,67,js,e16d5b47,Wanhan Sun,2026-04-30,15:15:13,-07:00,2026-04-30T15:15:13-07:00,4,0
projects/projects.js,68,js,e16d5b47,Wanhan Sun,2026-04-30,15:15:13,-07:00,2026-04-30T15:15:13-07:00,3,1
projects/projects.js,69,js,e16d5b47,Wanhan Sun,2026-04-30,15:15:13,-07:00,2026-04-30T15:15:13-07:00,1,1
projects/projects.js,70,js,e16d5b47,Wanhan Sun,2026-04-30,15:15:13,-07:00,2026-04-30T15:15:13-07:00,0,0
projects/projects.js,71,js,e16d5b47,Wanhan Sun,2026-04-30,15:15:13,-07:00,2026-04-30T15:15:13-07:00,1,12
projects/projects.js,72,js,e16d5b47,Wanhan Sun,2026-04-30,15:15:13,-07:00,2026-04-30T15:15:13-07:00,1,24
projects/projects.js,73,js,e16d5b47,Wanhan Sun,2026-04-30,15:15:13,-07:00,2026-04-30T15:15:13-07:00,2,4
projects/projects.js,74,js,e16d5b47,Wanhan Sun,2026-04-30,15:15:13,-07:00,2026-04-30T15:15:13-07:00,3,11
projects/projects.js,75,js,e16d5b47,Wanhan Sun,2026-04-30,15:15:13,-07:00,2026-04-30T15:15:13-07:00,3,76
projects/projects.js,76,js,e16d5b47,Wanhan Sun,2026-04-30,15:15:13,-07:00,2026-04-30T15:15:13-07:00,3,38
projects/projects.js,77,js,e16d5b47,Wanhan Sun,2026-04-30,15:15:13,-07:00,2026-04-30T15:15:13-07:00,3,69
projects/projects.js,78,js,e16d5b47,Wanhan Sun,2026-04-30,15:15:13,-07:00,2026-04-30T15:15:13-07:00,1,1
projects/projects.js,79,js,e16d5b47,Wanhan Sun,2026-04-30,15:15:13,-07:00,2026-04-30T15:15:13-07:00,0,0
projects/projects.js,80,js,e16d5b47,Wanhan Sun,2026-04-30,15:15:13,-07:00,2026-04-30T15:15:13-07:00,0,0
projects/projects.js,81,js,e16d5b47,Wanhan Sun,2026-04-30,15:15:13,-07:00,2026-04-30T15:15:13-07:00,0,30
projects/projects.js,82,js,e16d5b47,Wanhan Sun,2026-04-30,15:15:13,-07:00,2026-04-30T15:15:13-07:00,1,35
projects/projects.js,83,js,e16d5b47,Wanhan Sun,2026-04-30,15:15:13,-07:00,2026-04-30T15:15:13-07:00,2,59
projects/projects.js,84,js,e16d5b47,Wanhan Sun,2026-04-30,15:15:13,-07:00,2026-04-30T15:15:13-07:00,2,42
projects/projects.js,85,js,e16d5b47,Wanhan Sun,2026-04-30,15:15:13,-07:00,2026-04-30T15:15:13-07:00,1,1
projects/projects.js,86,js,e16d5b47,Wanhan Sun,2026-04-30,15:15:13,-07:00,2026-04-30T15:15:13-07:00,0,0
projects/projects.js,87,js,e16d5b47,Wanhan Sun,2026-04-30,15:15:13,-07:00,2026-04-30T15:15:13-07:00,0,0
projects/projects.js,88,js,e16d5b47,Wanhan Sun,2026-04-30,15:15:13,-07:00,2026-04-30T15:15:13-07:00,0,15
projects/projects.js,89,js,e16d5b47,Wanhan Sun,2026-04-30,15:15:13,-07:00,2026-04-30T15:15:13-07:00,0,48
projects/projects.js,90,js,e16d5b47,Wanhan Sun,2026-04-30,15:15:13,-07:00,2026-04-30T15:15:13-07:00,0,23
projects/projects.js,91,js,e16d5b47,Wanhan Sun,2026-04-30,15:15:13,-07:00,2026-04-30T15:15:13-07:00,0,0
projects/projects.js,92,js,e16d5b47,Wanhan Sun,2026-04-30,15:15:13,-07:00,2026-04-30T15:15:13-07:00,0,7
projects/projects.js,93,js,e16d5b47,Wanhan Sun,2026-04-30,15:15:13,-07:00,2026-04-30T15:15:13-07:00,0,53
projects/projects.js,94,js,e16d5b47,Wanhan Sun,2026-04-30,15:15:13,-07:00,2026-04-30T15:15:13-07:00,0,48
projects/projects.js,95,js,e16d5b47,Wanhan Sun,2026-04-30,15:15:13,-07:00,2026-04-30T15:15:13-07:00,1,25
projects/projects.js,96,js,e16d5b47,Wanhan Sun,2026-04-30,15:15:13,-07:00,2026-04-30T15:15:13-07:00,1,17
projects/projects.js,97,js,e16d5b47,Wanhan Sun,2026-04-30,15:15:13,-07:00,2026-04-30T15:15:13-07:00,1,43
projects/projects.js,98,js,e16d5b47,Wanhan Sun,2026-04-30,15:15:13,-07:00,2026-04-30T15:15:13-07:00,1,56
projects/projects.js,99,js,e16d5b47,Wanhan Sun,2026-04-30,15:15:13,-07:00,2026-04-30T15:15:13-07:00,1,31
projects/projects.js,100,js,e16d5b47,Wanhan Sun,2026-04-30,15:15:13,-07:00,2026-04-30T15:15:13-07:00,0,1
projects/index.html,1,html,f4f2bb4b,Wanhan Sun,2026-04-06,16:32:57,-07:00,2026-04-06T16:32:57-07:00,0,13
projects/index.html,2,html,f4f2bb4b,Wanhan Sun,2026-04-06,16:32:57,-07:00,2026-04-06T16:32:57-07:00,0,14
projects/index.html,3,html,0d9f80cf,Wanhan Sun,2026-04-10,15:51:00,-07:00,2026-04-10T15:51:00-07:00,2,4
projects/index.html,4,html,0d9f80cf,Wanhan Sun,2026-04-10,15:51:00,-07:00,2026-04-10T15:51:00-07:00,4,20
projects/index.html,5,html,0d9f80cf,Wanhan Sun,2026-04-10,15:51:00,-07:00,2026-04-10T15:51:00-07:00,4,21
projects/index.html,6,html,0d9f80cf,Wanhan Sun,2026-04-10,15:51:00,-07:00,2026-04-10T15:51:00-07:00,4,41
projects/index.html,7,html,2c726133,Wanhan Sun,2026-04-24,21:10:59,-07:00,2026-04-24T21:10:59-07:00,4,47
projects/index.html,8,html,0d9f80cf,Wanhan Sun,2026-04-10,15:51:00,-07:00,2026-04-10T15:51:00-07:00,2,5
projects/index.html,9,html,0d9f80cf,Wanhan Sun,2026-04-10,15:51:00,-07:00,2026-04-10T15:51:00-07:00,2,4
projects/index.html,10,html,2c726133,Wanhan Sun,2026-04-24,21:10:59,-07:00,2026-04-24T21:10:59-07:00,4,38
projects/index.html,11,html,e16d5b47,Wanhan Sun,2026-04-30,15:15:13,-07:00,2026-04-30T15:15:13-07:00,0,0
projects/index.html,12,html,e16d5b47,Wanhan Sun,2026-04-30,15:15:13,-07:00,2026-04-30T15:15:13-07:00,4,21
projects/index.html,13,html,e16d5b47,Wanhan Sun,2026-04-30,15:15:13,-07:00,2026-04-30T15:15:13-07:00,6,58
projects/index.html,14,html,e16d5b47,Wanhan Sun,2026-04-30,15:15:13,-07:00,2026-04-30T15:15:13-07:00,6,22
projects/index.html,15,html,e16d5b47,Wanhan Sun,2026-04-30,15:15:13,-07:00,2026-04-30T15:15:13-07:00,4,4
projects/index.html,16,html,e16d5b47,Wanhan Sun,2026-04-30,15:15:13,-07:00,2026-04-30T15:15:13-07:00,0,0
projects/index.html,17,html,e16d5b47,Wanhan Sun,2026-04-30,15:15:13,-07:00,2026-04-30T15:15:13-07:00,4,4
projects/index.html,18,html,e16d5b47,Wanhan Sun,2026-04-30,15:15:13,-07:00,2026-04-30T15:15:13-07:00,6,15
projects/index.html,19,html,e16d5b47,Wanhan Sun,2026-04-30,15:15:13,-07:00,2026-04-30T15:15:13-07:00,6,11
projects/index.html,20,html,e16d5b47,Wanhan Sun,2026-04-30,15:15:13,-07:00,2026-04-30T15:15:13-07:00,6,26
projects/index.html,21,html,e16d5b47,Wanhan Sun,2026-04-30,15:15:13,-07:00,2026-04-30T15:15:13-07:00,6,31
projects/index.html,22,html,e16d5b47,Wanhan Sun,2026-04-30,15:15:13,-07:00,2026-04-30T15:15:13-07:00,4,0
projects/index.html,23,html,e16d5b47,Wanhan Sun,2026-04-30,15:15:13,-07:00,2026-04-30T15:15:13-07:00,0,0
projects/index.html,24,html,2c726133,Wanhan Sun,2026-04-24,21:10:59,-07:00,2026-04-24T21:10:59-07:00,4,26
projects/index.html,25,html,0d9f80cf,Wanhan Sun,2026-04-10,15:51:00,-07:00,2026-04-10T15:51:00-07:00,2,5
projects/index.html,26,html,f4f2bb4b,Wanhan Sun,2026-04-06,16:32:57,-07:00,2026-04-06T16:32:57-07:00,0,5
contact/index.html,1,html,c4550ec,Wanhan Sun,2026-04-06,16:26:39,-07:00,2026-04-06T16:26:39-07:00,0,13
contact/index.html,2,html,c4550ec,Wanhan Sun,2026-04-06,16:26:39,-07:00,2026-04-06T16:26:39-07:00,0,14
contact/index.html,3,html,0d9f80cf,Wanhan Sun,2026-04-10,15:51:00,-07:00,2026-04-10T15:51:00-07:00,2,4
contact/index.html,4,html,107f0499,Wanhan Sun,2026-04-24,21:27:45,-07:00,2026-04-24T21:27:45-07:00,4,48
contact/index.html,5,html,0d9f80cf,Wanhan Sun,2026-04-10,15:51:00,-07:00,2026-04-10T15:51:00-07:00,4,20
contact/index.html,6,html,0d9f80cf,Wanhan Sun,2026-04-10,15:51:00,-07:00,2026-04-10T15:51:00-07:00,4,20
contact/index.html,7,html,0d9f80cf,Wanhan Sun,2026-04-10,15:51:00,-07:00,2026-04-10T15:51:00-07:00,4,41
contact/index.html,8,html,0d9f80cf,Wanhan Sun,2026-04-10,15:51:00,-07:00,2026-04-10T15:51:00-07:00,2,5
contact/index.html,9,html,0d9f80cf,Wanhan Sun,2026-04-10,15:51:00,-07:00,2026-04-10T15:51:00-07:00,2,4
contact/index.html,10,html,dc404c81,Wanhan Sun,2026-04-18,19:02:16,-07:00,2026-04-18T19:02:16-07:00,4,0
contact/index.html,11,html,0d9f80cf,Wanhan Sun,2026-04-10,15:51:00,-07:00,2026-04-10T15:51:00-07:00,0,0
contact/index.html,12,html,0d9f80cf,Wanhan Sun,2026-04-10,15:51:00,-07:00,2026-04-10T15:51:00-07:00,4,17
contact/index.html,13,html,0d9f80cf,Wanhan Sun,2026-04-10,15:51:00,-07:00,2026-04-10T15:51:00-07:00,0,0
contact/index.html,14,html,0d9f80cf,Wanhan Sun,2026-04-10,15:51:00,-07:00,2026-04-10T15:51:00-07:00,4,77
contact/index.html,15,html,0d9f80cf,Wanhan Sun,2026-04-10,15:51:00,-07:00,2026-04-10T15:51:00-07:00,6,11
contact/index.html,16,html,0d9f80cf,Wanhan Sun,2026-04-10,15:51:00,-07:00,2026-04-10T15:51:00-07:00,8,56
contact/index.html,17,html,0d9f80cf,Wanhan Sun,2026-04-10,15:51:00,-07:00,2026-04-10T15:51:00-07:00,6,6
contact/index.html,18,html,0d9f80cf,Wanhan Sun,2026-04-10,15:51:00,-07:00,2026-04-10T15:51:00-07:00,0,0
contact/index.html,19,html,0d9f80cf,Wanhan Sun,2026-04-10,15:51:00,-07:00,2026-04-10T15:51:00-07:00,6,13
contact/index.html,20,html,0d9f80cf,Wanhan Sun,2026-04-10,15:51:00,-07:00,2026-04-10T15:51:00-07:00,8,34
contact/index.html,21,html,0d9f80cf,Wanhan Sun,2026-04-10,15:51:00,-07:00,2026-04-10T15:51:00-07:00,6,6
contact/index.html,22,html,0d9f80cf,Wanhan Sun,2026-04-10,15:51:00,-07:00,2026-04-10T15:51:00-07:00,0,0
contact/index.html,23,html,0d9f80cf,Wanhan Sun,2026-04-10,15:51:00,-07:00,2026-04-10T15:51:00-07:00,6,13
contact/index.html,24,html,0d9f80cf,Wanhan Sun,2026-04-10,15:51:00,-07:00,2026-04-10T15:51:00-07:00,8,53
contact/index.html,25,html,0d9f80cf,Wanhan Sun,2026-04-10,15:51:00,-07:00,2026-04-10T15:51:00-07:00,6,6
contact/index.html,26,html,0d9f80cf,Wanhan Sun,2026-04-10,15:51:00,-07:00,2026-04-10T15:51:00-07:00,0,0
contact/index.html,27,html,0d9f80cf,Wanhan Sun,2026-04-10,15:51:00,-07:00,2026-04-10T15:51:00-07:00,6,19
contact/index.html,28,html,0d9f80cf,Wanhan Sun,2026-04-10,15:51:00,-07:00,2026-04-10T15:51:00-07:00,4,5
contact/index.html,29,html,0d9f80cf,Wanhan Sun,2026-04-10,15:51:00,-07:00,2026-04-10T15:51:00-07:00,2,5
contact/index.html,30,html,c4550ec,Wanhan Sun,2026-04-06,16:26:39,-07:00,2026-04-06T16:26:39-07:00,0,5
